filename,mean_brightness,contrast,min_intensity,max_intensity,median_intensity,dark_pixel_ratio,bright_pixel_ratio,edge_count,edge_density,label
IMG_20180513_164959951_HDR resized_448.jpg,122.224609375,31.51348191896166,23,247,121.0,0.0038464604591836736,0.01092155612244898,17232,0.3434311224489796,1
IMG_20180513_165129852_HDR resized_448.jpg,131.94868064413265,24.096113901023777,8,251,133.0,0.0027901785714285715,0.003786670918367347,13394,0.26694036989795916,1
IMG_20180513_165150613_HDR resized_448.jpg,121.29731345663265,29.88427225337966,2,241,121.0,0.013333067602040817,0.00817123724489796,13185,0.2627750318877551,1
IMG_20180513_165345878_HDR resized_448.jpg,130.24559550382654,25.649018316442923,20,253,131.0,0.0018933354591836734,0.0040058992346938774,16591,0.33065609056122447,1
IMG_20180513_165349788_HDR resized_448.jpg,131.2088847257653,26.23759792636469,11,254,132.0,0.0023716517857142855,0.00625797193877551,15886,0.31660554846938777,1
IMG_20180513_165353081_HDR resized_448.jpg,136.15583147321428,27.09233379126488,2,252,138.0,0.0069355867346938774,0.0087890625,14151,0.28202726403061223,1
IMG_20180513_165451567_HDR resized_448.jpg,129.6609733737245,22.965946664472614,8,251,132.0,0.0012755102040816326,0.006018813775510204,12646,0.2520328443877551,1
IMG_20180513_165455803_HDR resized_448.jpg,123.45184948979592,22.77440805107427,12,251,125.0,0.00253109056122449,0.004743303571428571,12778,0.25466358418367346,1
IMG_20180513_165500303_HDR resized_448.jpg,125.25139508928571,21.030648199963156,8,251,127.0,0.0013950892857142857,0.0037667410714285715,10096,0.20121173469387754,1
IMG_20180513_165512488_HDR resized_448.jpg,129.09757653061226,29.65997658937728,10,250,132.0,0.008051658163265306,0.005719866071428571,13816,0.27535076530612246,1
IMG_20180513_165515651_HDR resized_448.jpg,125.27423469387755,25.82775703645604,17,251,126.0,0.004384566326530612,0.003587372448979592,12833,0.25575972576530615,1
IMG_20180513_165521775_HDR resized_448.jpg,125.43277662627551,23.909189434951415,4,251,126.0,0.003049266581632653,0.0024314413265306123,10546,0.21018016581632654,1
IMG_20180513_165533492_HDR resized_448.jpg,126.51395089285714,23.197386635117308,19,250,128.0,0.0016143176020408164,0.002311862244897959,12336,0.2458545918367347,1
IMG_20180513_165538350_HDR resized_448.jpg,123.1390306122449,26.2867757916794,4,250,123.0,0.0052614795918367345,0.0047831632653061226,13337,0.265804368622449,1
IMG_20180513_165547907_HDR resized_448.jpg,120.52887834821429,22.5075623962391,16,251,119.0,0.000817123724489796,0.003168845663265306,5107,0.10178172831632654,1
IMG_20180513_165706718_HDR resized_448.jpg,129.2774433992347,25.83831721703109,13,249,131.0,0.0021125637755102043,0.0033482142857142855,16067,0.32021285076530615,1
IMG_20180513_165710583_HDR resized_448.jpg,130.11401865433675,28.104769048566276,3,252,133.0,0.006796077806122449,0.004444355867346939,15800,0.3148915816326531,1
IMG_20180513_165717627_HDR resized_448.jpg,123.48724489795919,23.912006125056067,14,255,123.0,0.001096141581632653,0.007274394132653061,9340,0.18614477040816327,1
IMG_20180513_165733359_HDR resized_448.jpg,126.67538265306122,23.485516559256414,25,248,127.0,0.0014150191326530613,0.0024115114795918366,12719,0.2534877232142857,1
IMG_20180513_165741688_HDR resized_448.jpg,125.02624760841837,23.148967357749335,16,248,125.0,0.002072704081632653,0.001913265306122449,10633,0.2119140625,1
IMG_20180513_165749116_HDR resized_448.jpg,128.21518255739795,22.90955628838132,17,250,129.0,0.0013552295918367347,0.0014947385204081632,11111,0.2214405293367347,1
IMG_20180513_170350654_HDR resized_448.jpg,129.64148198341837,19.821065402178807,3,238,132.0,0.0009367028061224489,0.0015146683673469387,9217,0.18369339923469388,1
IMG_20180513_170357440_HDR resized_448.jpg,131.06160315688774,18.1997143793127,19,246,133.0,0.0005580357142857143,0.001016422193877551,4859,0.09683912627551021,1
IMG_20180513_170406108_HDR resized_448.jpg,125.75988520408163,20.57870456301669,9,252,127.0,0.0022122130102040817,0.00528140943877551,3959,0.07890226403061225,1
IMG_20180513_170430826_HDR resized_448.jpg,126.53360172193878,17.33698637853733,24,250,127.0,0.0001793686224489796,0.0016143176020408164,6625,0.13203523596938777,1
IMG_20180513_170453882_HDR resized_448.jpg,115.35339604591837,18.7734566187437,26,249,115.0,0.00045838647959183676,0.0020129145408163264,8006,0.15955835459183673,1
IMG_20180513_170500983_HDR resized_448.jpg,113.11146763392857,17.716946063150854,25,251,113.0,0.0007174744897959184,0.0011160714285714285,6216,0.12388392857142858,1
IMG_20180513_170515937_HDR resized_448.jpg,116.50384646045919,19.067373110829898,34,248,117.0,0.0001992984693877551,0.0015744579081632653,9676,0.19284119897959184,1
IMG_20180513_170526931_HDR resized_448.jpg,116.30568399234694,19.995365484100088,1,251,116.0,0.0036870216836734694,0.003587372448979592,7000,0.13950892857142858,1
IMG_20180513_170535927_HDR resized_448.jpg,111.88504464285714,18.998189936217578,7,253,112.0,0.002331792091836735,0.002730389030612245,7379,0.1470623405612245,1
IMG_20180513_170700279_HDR resized_448.jpg,118.3416972257653,20.67867291615945,25,248,118.0,0.0008769132653061224,0.0014548788265306123,11171,0.22263632015306123,1
IMG_20180513_170710091_HDR resized_448.jpg,119.41189014668367,25.407603709487056,5,245,120.0,0.0048828125,0.002610809948979592,15717,0.3132374043367347,1
IMG_20180513_170718753_HDR resized_448.jpg,120.2549824617347,26.11763874814091,7,251,121.0,0.00470344387755102,0.0015943877551020409,16460,0.3280452806122449,1
IMG_20180513_170728853_HDR resized_448.jpg,119.97251674107143,22.800217330704687,7,250,121.0,0.0038066007653061226,0.001753826530612245,12226,0.24366230867346939,1
IMG_20180513_170746398_HDR resized_448.jpg,124.19134646045919,23.982061367432628,21,250,125.0,0.0022122130102040817,0.001753826530612245,13045,0.25998485331632654,1
IMG_20180513_170844630_HDR resized_448.jpg,110.4778977997449,37.72926501786991,12,253,110.0,0.04292889030612245,0.004384566326530612,18528,0.3692602040816326,1
IMG_20180514_164920326_HDR resized_448.jpg,117.44060905612245,24.53717107104784,15,249,117.0,0.005859375,0.003009406887755102,13642,0.27188297193877553,1
IMG_20180514_164936208_HDR resized_448.jpg,125.33543925382654,30.025949801296917,12,254,126.0,0.008888711734693877,0.00839046556122449,14978,0.2985092474489796,1
IMG_20180514_164944000_HDR resized_448.jpg,132.73573022959184,32.487091414202894,1,249,137.0,0.01819595025510204,0.009885204081632654,13476,0.26857461734693877,1
IMG_20180514_164949995_HDR resized_448.jpg,126.97973134566327,29.977722910687657,6,248,129.0,0.01167889030612245,0.007393973214285714,12152,0.2421875,1
IMG_20180514_164955695_HDR resized_448.jpg,122.89823820153062,35.56604401688304,2,252,125.0,0.023557079081632654,0.017020089285714284,16383,0.32651068239795916,1
IMG_20180514_165008040_HDR resized_448.jpg,113.36094945790816,27.389361682555993,8,254,113.0,0.013073979591836735,0.006955516581632653,13696,0.2729591836734694,1
IMG_20180514_165031728_HDR resized_448.jpg,117.58350605867346,29.407273070704832,7,249,117.0,0.010104432397959183,0.0047831632653061226,16817,0.33516023596938777,1
IMG_20180514_165039112_HDR resized_448.jpg,114.8188775510204,29.18300189550358,8,251,113.0,0.0087890625,0.006716358418367347,16639,0.3316127232142857,1
IMG_20180514_165050302_HDR resized_448.jpg,126.45509805484694,32.879847319778634,4,253,127.0,0.015625,0.012476084183673469,17581,0.35038663903061223,1
IMG_20180514_165115894_HDR resized_448.jpg,118.88883131377551,33.5353410418563,1,253,117.0,0.017538265306122448,0.013811383928571428,15962,0.3181202168367347,1
IMG_20180514_165152754_HDR resized_448.jpg,122.9775390625,28.5058272014905,6,250,123.0,0.007872289540816327,0.007393973214285714,14686,0.29268973214285715,1
IMG_20180514_165211442_HDR resized_448.jpg,126.6108099489796,34.6742591411019,3,252,127.0,0.01420998086734694,0.01953125,18028,0.3592952806122449,1
IMG_20180514_165217078_HDR resized_448.jpg,124.89042570153062,32.43219709382651,3,254,125.0,0.014090401785714286,0.010981345663265306,17397,0.34671954719387754,1
IMG_20180514_165228668_HDR resized_448.jpg,136.8594347895408,31.593697198618365,2,254,137.0,0.011260363520408163,0.0244937818877551,17577,0.35030691964285715,1
IMG_20180514_165245540_HDR resized_448.jpg,132.2194674744898,30.498071391175092,2,254,132.0,0.010084502551020409,0.017996651785714284,17320,0.34518494897959184,1
IMG_20180514_165251954_HDR resized_448.jpg,130.71235251913265,27.612632207524626,3,253,130.0,0.009167729591836735,0.011858258928571428,15513,0.30917171556122447,1
IMG_20180514_165259100 resized_448.jpg,136.82097018494898,30.183110253823337,14,254,136.0,0.005121970663265306,0.027323820153061226,15752,0.31393494897959184,1
IMG_20180514_165302026_HDR resized_448.jpg,130.23377710459184,29.102404917632814,2,254,129.0,0.008689413265306123,0.015525350765306123,15987,0.3186184630102041,1
IMG_20180514_165307482_HDR resized_448.jpg,128.23158482142858,27.893780631796215,4,254,127.0,0.0062380420918367345,0.011240433673469387,16323,0.3253148915816326,1
IMG_20180514_165340357_HDR resized_448.jpg,130.45288584183675,28.76011655906134,8,254,129.0,0.007174744897959184,0.01211734693877551,16238,0.32362085459183676,1
IMG_20180514_165358823_HDR resized_448.jpg,131.09624123086735,35.7964630042411,2,253,129.0,0.013990752551020409,0.03495695153061224,18686,0.37240911989795916,1
IMG_20180514_165411841_HDR resized_448.jpg,129.9002311862245,37.35963114336773,3,253,128.0,0.015644929846938774,0.03854432397959184,19001,0.37868702168367346,1
IMG_20180514_165427375_HDR resized_448.jpg,134.51139987244898,31.073252550397186,5,252,134.0,0.0078125,0.02072704081632653,18163,0.3619858099489796,1
IMG_20180514_165444055_HDR resized_448.jpg,133.8893893494898,27.523296497792963,15,253,134.0,0.003208705357142857,0.01092155612244898,17558,0.3499282525510204,1
IMG_20180514_165457873_HDR resized_448.jpg,133.13253348214286,33.303179051554324,4,253,132.0,0.011220503826530613,0.024374202806122448,18803,0.3747409119897959,1
IMG_20180514_165505511_HDR resized_448.jpg,131.9943399234694,34.34145754281644,7,246,132.0,0.014329559948979591,0.0223812181122449,18513,0.368961256377551,1
IMG_20180514_165529728_HDR resized_448.jpg,125.85714285714286,28.509516486488636,7,253,123.0,0.006696428571428571,0.012715242346938776,16863,0.33607700892857145,1
IMG_20180514_165535720_HDR resized_448.jpg,126.25312898596938,26.66208224499084,14,253,124.0,0.003248565051020408,0.008888711734693877,16671,0.33225047831632654,1
IMG_20180514_165710828_HDR resized_448.jpg,132.57443797831633,33.41800880696796,1,254,133.0,0.012615593112244899,0.021324936224489797,18627,0.37123325892857145,1
IMG_20180514_165717791_HDR resized_448.jpg,138.55988919005102,32.2163971584999,1,253,139.0,0.012276785714285714,0.025271045918367346,18676,0.37220982142857145,1
IMG_20180514_165724162_HDR resized_448.jpg,136.87946428571428,33.73107433033102,3,251,138.0,0.014807876275510204,0.027224170918367346,18726,0.3732063137755102,1
IMG_20180514_165731332_HDR resized_448.jpg,140.86248405612244,37.732739483186165,1,255,141.0,0.01833545918367347,0.057736766581632654,18210,0.36292251275510207,1
IMG_20180514_165740460_HDR resized_448.jpg,129.0145487882653,30.901367589173613,2,254,127.0,0.007573341836734694,0.018494897959183673,17695,0.3526586415816326,1
IMG_20180514_165746314_HDR resized_448.jpg,138.8327487244898,34.72607549697424,1,254,138.0,0.014309630102040817,0.04037786989795918,18268,0.364078443877551,1
IMG_20180514_165751038_HDR resized_448.jpg,139.6339883609694,33.39173186017275,1,252,140.0,0.016222895408163265,0.03236607142857143,17511,0.34899154974489793,1
IMG_20180514_165757436_HDR resized_448.jpg,141.0000996492347,32.97945891928326,1,252,141.0,0.01273517219387755,0.038384885204081634,17700,0.35275829081632654,1
IMG_20180514_165811955_HDR resized_448.jpg,135.86710778061226,36.199318534498794,1,253,137.0,0.017697704081632654,0.03734853316326531,18252,0.3637595663265306,1
IMG_20180514_165823466_HDR resized_448.jpg,142.0390027104592,39.04537447854681,1,254,144.0,0.022700095663265307,0.0628188775510204,18318,0.3650749362244898,1
IMG_20180514_165831579_HDR resized_448.jpg,138.65878109056123,32.70955699185706,2,247,141.0,0.014090401785714286,0.023278061224489797,18070,0.36013233418367346,1
IMG_20180514_165837194_HDR resized_448.jpg,140.67524314413265,33.901739004160994,2,250,144.0,0.016721141581632654,0.029017857142857144,18114,0.3610092474489796,1
IMG_20180514_165847101_HDR resized_448.jpg,139.86367984693877,34.191801244806314,1,253,143.0,0.018594547193877552,0.027323820153061226,18011,0.3589564732142857,1
IMG_20180514_170008541_HDR resized_448.jpg,143.81026785714286,34.0643247937302,0,253,144.0,0.020448022959183673,0.04450334821428571,16760,0.33402423469387754,1
IMG_20180514_170015428_HDR resized_448.jpg,140.9025031887755,36.78289069152059,0,253,143.0,0.027802136479591837,0.04314811862244898,16583,0.3304966517857143,1
IMG_20180514_170026184_HDR resized_448.jpg,132.11714764030611,30.52078837321732,1,250,131.0,0.011878188775510204,0.019551179846938774,17203,0.3428531568877551,1
IMG_20180514_170032562_HDR resized_448.jpg,123.90106823979592,31.24624623588174,2,254,120.0,0.007533482142857143,0.018395248724489797,17499,0.3487523915816326,1
IMG_20180514_170039467_HDR resized_448.jpg,123.33454241071429,30.33957027211084,3,254,120.0,0.009885204081632654,0.01211734693877551,17426,0.34729751275510207,1
IMG_20180514_170051550_HDR resized_448.jpg,146.0706114477041,35.04225674987583,2,253,146.0,0.018714126275510203,0.056321747448979595,17322,0.3452248086734694,1
IMG_20180514_170055705_HDR resized_448.jpg,136.63494499362244,30.171380260956695,1,252,135.0,0.012535873724489796,0.022401147959183673,16741,0.33364556760204084,1
IMG_20180514_170100812_HDR resized_448.jpg,136.9149394132653,30.818953509754028,2,250,136.0,0.012416294642857142,0.023098692602040817,16872,0.3362563775510204,1
IMG_20180514_170105907_HDR resized_448.jpg,130.6857461734694,31.196542556695196,5,252,129.0,0.008450255102040817,0.018973214285714284,17440,0.3475765306122449,1
IMG_20180514_170122537_HDR resized_448.jpg,134.53176817602042,32.55998847053481,2,253,133.0,0.011061065051020409,0.03053252551020408,17317,0.34512515943877553,1
IMG_20180514_170137161_HDR resized_448.jpg,123.61256377551021,33.07896307544181,2,254,121.0,0.01128029336734694,0.019252232142857144,17703,0.35281808035714285,1
IMG_20180514_170144972_HDR resized_448.jpg,120.8002630739796,29.149623988887868,4,251,116.0,0.004962531887755102,0.011041135204081632,17024,0.3392857142857143,1
IMG_20180514_170158322_HDR resized_448.jpg,130.25994499362244,33.86852373607019,2,248,129.0,0.011120854591836735,0.024473852040816327,18122,0.3611686862244898,1
IMG_20180514_170217038_HDR resized_448.jpg,121.99485809948979,27.526672287234764,4,248,118.0,0.005022321428571429,0.00914779974489796,16117,0.3212093431122449,1
IMG_20180514_170355485_HDR resized_448.jpg,135.26468829719389,39.43207155090105,1,254,136.0,0.023895886479591837,0.04641661352040816,18376,0.36623086734693877,1
IMG_20180514_170400947 resized_448.jpg,130.49954161352042,47.633756608141425,1,254,131.0,0.05668048469387755,0.07716836734693877,18500,0.3687021683673469,1
IMG_20180514_170411390_HDR resized_448.jpg,141.7011120854592,38.87714712933971,1,253,143.0,0.023895886479591837,0.056939572704081634,17772,0.3541932397959184,1
IMG_20180514_170416728_HDR resized_448.jpg,143.77590880102042,37.21797390085938,1,254,147.0,0.022122130102040817,0.049525669642857144,17593,0.35062579719387754,1
IMG_20180514_170423229_HDR resized_448.jpg,144.45519770408163,39.95543278236026,0,254,148.0,0.02853954081632653,0.060447225765306124,17279,0.34436782525510207,1
IMG_20180514_170638485_HDR resized_448.jpg,131.93710140306123,29.93956480806969,2,253,131.0,0.005799585459183673,0.01331313775510204,18261,0.3639389349489796,1
IMG_20180514_170646586_HDR resized_448.jpg,132.37137276785714,24.85778821379911,26,253,131.0,0.0009367028061224489,0.005121970663265306,16894,0.33669483418367346,1
IMG_20180514_170703597_HDR resized_448.jpg,129.73712531887756,27.959077139250418,19,254,129.0,0.0016940369897959183,0.002889827806122449,18066,0.3600526147959184,1
IMG_20180514_170708710_HDR (1) resized_448.jpg,134.41844706632654,28.085134120345316,33,248,135.0,0.001096141581632653,0.00448421556122449,17241,0.34361049107142855,1
IMG_20180514_170708710_HDR resized_448.jpg,134.41844706632654,28.085134120345316,33,248,135.0,0.001096141581632653,0.00448421556122449,17241,0.34361049107142855,1
IMG_8404 resized_448.jpg,172.41165098852042,22.961413928425152,72,251,172.0,0.0,0.11387914540816327,16510,0.3290417729591837,1
IMG_8405 resized_448.jpg,127.68672273596938,18.584135952733128,62,236,127.0,0.0,0.001096141581632653,12848,0.25605867346938777,1
IMG_8406 resized_448.jpg,128.39066485969389,17.633293494113435,50,231,127.0,0.0,0.0009566326530612245,10703,0.21330915178571427,1
IMG_8407 resized_448.jpg,129.34357063137756,21.273436855165027,57,236,129.0,0.0,0.0010363520408163266,14532,0.2896205357142857,1
IMG_8412 resized_448.jpg,149.20754942602042,31.884370677753246,58,249,148.0,0.0,0.06367586096938775,17885,0.3564453125,1
IMG_8413 resized_448.jpg,151.37155213647958,33.79215118477701,55,250,151.0,0.0,0.0790218431122449,18143,0.3615872130102041,1
IMG_8414 resized_448.jpg,154.91984215561226,30.62247607947209,66,252,154.0,0.0,0.07403938137755102,17050,0.33980389030612246,1
IMG_8415 resized_448.jpg,153.1299426020408,35.36902836571809,52,252,154.0,0.0,0.09546396683673469,18632,0.3713329081632653,1
IMG_8416 resized_448.jpg,149.29203204719389,32.55282753195955,55,250,149.0,0.0,0.06399473852040816,18013,0.35899633290816324,1
IMG_8417 resized_448.jpg,137.1445910395408,43.72163666784105,28,253,137.0,0.016402264030612245,0.07802535076530612,18661,0.3719108737244898,1
IMG_8418 resized_448.jpg,137.80516581632654,41.78388973166224,30,253,138.0,0.012097417091836735,0.0677016900510204,18081,0.3603515625,1
IMG_8419 resized_448.jpg,130.53041294642858,45.65040519400314,26,254,131.0,0.0340202487244898,0.06517059948979592,19163,0.3819156568877551,1
IMG_8423 resized_448.jpg,133.53322305484693,15.120584230309076,64,247,133.0,0.0,0.0004982461734693878,4464,0.08896683673469388,1
IMG_8424 resized_448.jpg,183.2089245854592,15.243758945022984,115,251,184.0,0.0,0.12025669642857142,4491,0.08950494260204081,1
IMG_8426 resized_448.jpg,172.22688137755102,27.205700416863987,57,255,172.0,0.0,0.15037069515306123,16771,0.3342434630102041,1
IMG_8428 resized_448.jpg,168.51811623086735,27.785477418034365,50,254,170.0,0.0,0.12089445153061225,18007,0.3588767538265306,1
IMG_8429 resized_448.jpg,123.79067681760205,54.23811912868855,20,254,126.0,0.1200374681122449,0.0813735650510204,19213,0.38291214923469385,1
IMG_8430 resized_448.jpg,128.60293765943877,53.301347526103626,23,251,133.0,0.09817442602040816,0.0878109056122449,18947,0.3776108099489796,1
IMG_8431 resized_448.jpg,131.21297034438774,51.64449537213144,18,253,138.0,0.08940529336734694,0.07635124362244898,18550,0.3696986607142857,1
IMG_8432 resized_448.jpg,149.0814134247449,43.57291109756452,35,252,153.0,0.0024115114795918366,0.12167171556122448,18191,0.3625438456632653,1
IMG_8433 resized_448.jpg,146.51743861607142,40.52793908017031,41,253,149.0,0.0012356505102040817,0.09060108418367346,18881,0.3762954400510204,1
IMG_8434 resized_448.jpg,150.7135084502551,40.3620702299673,40,253,153.0,0.0011160714285714285,0.11017219387755102,19001,0.37868702168367346,1
IMG_8435 resized_448.jpg,147.81112484056123,40.14938797036401,39,254,150.0,0.0006178252551020409,0.09512515943877552,18823,0.37513950892857145,1
IMG_8436 resized_448.jpg,144.2292928890306,42.49686151595184,26,255,145.0,0.005221619897959184,0.10016741071428571,19076,0.3801817602040816,1
IMG_8437 resized_448.jpg,141.0101243622449,41.643770008645994,33,254,140.0,0.00528140943877551,0.0848812181122449,18793,0.37454161352040816,1
IMG_8438 resized_448.jpg,139.96115672831633,46.09459016323191,18,253,142.0,0.02365672831632653,0.09681919642857142,18736,0.37340561224489793,1
IMG_8439 resized_448.jpg,146.01199776785714,43.145831254601006,33,253,148.0,0.006477200255102041,0.11033163265306123,18915,0.37697305484693877,1
IMG_8440 resized_448.jpg,145.55363121811226,44.72476006547584,34,252,148.0,0.009546396683673469,0.11443718112244898,18783,0.3743423150510204,1
IMG_8441 resized_448.jpg,128.39289700255102,48.78832310002285,16,250,131.0,0.0712890625,0.0643734056122449,19173,0.38211495535714285,1
IMG_8442 resized_448.jpg,143.4872448979592,46.51197133313763,23,253,146.0,0.022022480867346938,0.11358019770408163,19298,0.3846061862244898,1
IMG_8443 resized_448.jpg,134.26363201530611,46.90788869090749,18,252,137.0,0.03437898596938776,0.08067602040816327,19063,0.37992267219387754,1
IMG_8444 resized_448.jpg,153.96320950255102,41.44913717643628,47,254,157.0,0.00027901785714285713,0.13396843112244897,19093,0.38052056760204084,1
IMG_8445 resized_448.jpg,150.1318957270408,42.36935180221238,42,253,154.0,0.0004185267857142857,0.11852279974489796,18735,0.37338568239795916,1
IMG_8446 resized_448.jpg,154.6837930484694,42.375252340625195,41,253,158.0,0.00023915816326530612,0.14893574617346939,18756,0.37380420918367346,1
IMG_8447 resized_448.jpg,146.1964485012755,43.50241914288837,33,253,149.0,0.0014548788265306123,0.10993303571428571,18071,0.36015226403061223,1
IMG_8449 resized_448.jpg,124.97606425382654,43.6403487078069,40,254,115.0,0.0007971938775510204,0.07467713647959184,15855,0.3159877232142857,1
IMG_8453 resized_448.jpg,154.5842833227041,38.70958062252838,31,252,158.0,3.985969387755102e-05,0.11758609693877552,18392,0.36654974489795916,1
IMG_8455 resized_448.jpg,152.12380420918367,39.602030368609356,37,252,156.0,0.00027901785714285713,0.11144770408163265,18768,0.37404336734693877,1
IMG_8456 resized_448.jpg,154.87077487244898,40.53601471536348,43,253,159.0,0.00025908801020408165,0.1366589604591837,18165,0.36202566964285715,1
IMG_8462 resized_448.jpg,131.60006776147958,21.033620154719216,36,219,132.0,0.0001992984693877551,0.0003587372448979592,14935,0.29765226403061223,1
IMG_8463 resized_448.jpg,170.8602917729592,25.893324597584776,47,250,172.0,1.992984693877551e-05,0.1302814094387755,18026,0.3592554209183674,1
IMG_8464 resized_448.jpg,172.77957589285714,23.271278814823994,62,241,173.0,0.0,0.11890146683673469,15415,0.30721859056122447,1
IMG_8465 resized_448.jpg,173.5335020727041,26.228985029397325,53,247,175.0,0.0,0.15623007015306123,18314,0.3649952168367347,1
IMG_8466 resized_448.jpg,171.06427375637756,25.338330750157837,57,241,172.0,0.0,0.12163185586734694,17491,0.34859295280612246,1
IMG_8467 resized_448.jpg,173.07387994260205,23.687684732471187,60,243,174.0,0.0,0.12083466198979592,16095,0.32077088647959184,1
IMG_8468 resized_448.jpg,164.58334661989795,37.968563251313746,39,248,172.0,0.0002192283163265306,0.17175542091836735,16982,0.3384486607142857,1
IMG_8469 resized_448.jpg,169.12781010841837,18.899889485920614,66,239,170.0,0.0,0.0400390625,14457,0.28812579719387754,1
IMG_8470 resized_448.jpg,170.49601403061226,25.58920518364972,63,242,172.0,0.0,0.12063536352040816,18393,0.36656967474489793,1
IMG_8471 resized_448.jpg,171.5224609375,25.591258696169007,61,246,173.0,0.0,0.13127790178571427,18453,0.36776546556122447,1
IMG_8472 resized_448.jpg,170.86356026785714,26.125139578584324,58,246,172.0,0.0,0.13155691964285715,18701,0.37270806760204084,1
IMG_8473 resized_448.jpg,170.08942522321428,27.885157098147783,60,247,171.0,0.0,0.14582669005102042,18957,0.3778101084183674,1
IMG_8474 resized_448.jpg,135.09992825255102,18.067297399624685,51,250,135.0,0.0,0.0024115114795918366,12086,0.2408721301020408,1
IMG_8475 resized_448.jpg,177.66388313137756,23.147080945252828,66,253,179.0,0.0,0.15202487244897958,16681,0.3324497767857143,1
IMG_8476 resized_448.jpg,176.9562141262755,23.93427887125081,71,252,178.0,0.0,0.15626992984693877,17006,0.3389269770408163,1
IMG_8477 resized_448.jpg,180.6799465880102,20.37205029740137,77,254,182.0,0.0,0.15866151147959184,14891,0.29677535076530615,1
IMG_8478 resized_448.jpg,189.8212292729592,18.459240266902505,86,254,191.0,0.0,0.27931680484693877,12700,0.253109056122449,1
IMG_8479 resized_448.jpg,181.39973294005102,22.72116604069501,69,255,182.0,0.0,0.19387755102040816,15798,0.31485172193877553,1
IMG_8480 resized_448.jpg,187.78461814413265,20.30667762328969,89,254,189.0,0.0,0.26552535076530615,12451,0.24814652423469388,1
IMG_8481 resized_448.jpg,182.11922034438774,22.29539590162046,84,253,183.0,0.0,0.20461973852040816,15870,0.3162866709183674,1
IMG_8483 resized_448.jpg,181.01323341836735,23.81385465248752,86,253,183.0,0.0,0.21259167729591838,17003,0.3388671875,1
IMG_8484 resized_448.jpg,181.9961933992347,24.59602428712829,79,254,184.0,0.0,0.2335578762755102,17688,0.35251913265306123,1
IMG_8485 resized_448.jpg,183.69569116709184,24.11743022416842,75,254,185.0,0.0,0.2552016900510204,17601,0.35078523596938777,1
IMG_8486 resized_448.jpg,175.8571627869898,23.103060851605303,78,254,177.0,0.0,0.14064492984693877,17337,0.345523756377551,1
IMG_8487 resized_448.jpg,172.3065808354592,24.76980148787485,67,254,173.0,0.0,0.12470105229591837,17652,0.3518016581632653,1
IMG_8488 resized_448.jpg,183.39885602678572,22.23563185041047,85,253,184.0,0.0,0.2281768176020408,16368,0.32621173469387754,1
IMG_8489 resized_448.jpg,172.0957629145408,24.032365365160288,70,254,173.0,0.0,0.11706792091836735,16690,0.33262914540816324,1
IMG_8490 resized_448.jpg,177.60764110331633,22.908591925135134,66,251,178.0,0.0,0.16127232142857142,16515,0.32914142219387754,1
IMG_8491 resized_448.jpg,185.43263711734693,18.636867620150664,86,254,187.0,0.0,0.20896444515306123,13903,0.2770846619897959,1
IMG_8493 resized_448.jpg,181.62472098214286,23.04139235464947,81,254,183.0,0.0,0.21149553571428573,17284,0.3444674744897959,1
IMG_8504 resized_448.jpg,132.84765625,18.8074838876139,55,253,131.0,0.0,0.003009406887755102,9216,0.1836734693877551,1
IMG_8505 resized_448.jpg,175.68470982142858,20.1225657422774,69,253,174.0,0.0,0.10941485969387756,12013,0.2394172512755102,1
IMG_8506 resized_448.jpg,170.59420838647958,20.63334260240653,75,254,169.0,0.0,0.08310746173469388,12773,0.2545639349489796,1
IMG_8507 resized_448.jpg,174.84018255739795,24.351943824816736,57,255,174.0,0.0,0.14088408801020408,14608,0.2911352040816326,1
IMG_8508 resized_448.jpg,169.13924984056123,26.322172126995508,46,254,168.0,1.992984693877551e-05,0.12310666454081633,15631,0.3115234375,1
IMG_8509 resized_448.jpg,168.99744897959184,23.61587465886049,40,254,169.0,0.00013950892857142856,0.09084024234693877,16518,0.32920121173469385,1
IMG_8510 resized_448.jpg,170.74075255102042,24.658022034327928,45,253,171.0,9.964923469387755e-05,0.1075015943877551,16684,0.3325095663265306,1
IMG_8511 resized_448.jpg,167.40025111607142,28.55689388839431,40,254,167.0,0.00023915816326530612,0.1251594387755102,17903,0.35680404974489793,1
IMG_8512 resized_448.jpg,171.6468431122449,28.977468478929023,36,254,171.0,0.0006776147959183673,0.1585419323979592,17877,0.3562858737244898,1
IMG_8513 resized_448.jpg,167.7224968112245,28.88138031290556,40,254,168.0,0.0003985969387755102,0.12649473852040816,17809,0.3549306441326531,1
IMG_8514 resized_448.jpg,162.19652822066325,34.10347278169781,30,254,163.0,0.003667091836734694,0.12691326530612246,18080,0.36033163265306123,1
IMG_8515 resized_448.jpg,156.64923469387756,37.41797857431339,23,253,159.0,0.008510044642857142,0.11369977678571429,18671,0.37211017219387754,1
IMG_8516 resized_448.jpg,172.0877311862245,33.35055445966416,32,254,174.0,0.0020527742346938774,0.18582589285714285,18002,0.35877710459183676,1
IMG_8517 resized_448.jpg,124.00773278061224,28.618673619595306,28,253,119.0,0.0011160714285714285,0.018853635204081634,14027,0.2795559630102041,1
IMG_8518 resized_448.jpg,181.7597058354592,29.067530208900703,72,255,178.0,0.0,0.24192841198979592,16275,0.32435825892857145,1
IMG_8519 resized_448.jpg,165.5201490752551,28.69893897272466,59,255,162.0,0.0,0.12322624362244898,15707,0.3130381058673469,1
IMG_8520 resized_448.jpg,174.18949298469389,27.678053818857425,58,254,171.0,0.0,0.1683673469387755,15464,0.30819515306122447,1
IMG_8521 resized_448.jpg,159.12970344387756,31.409759325836173,50,255,154.0,0.0,0.12067522321428571,15937,0.3176219706632653,1
IMG_8522 resized_448.jpg,162.94363839285714,31.635785362858506,24,254,160.0,0.0018933354591836734,0.12890625,17025,0.3393056441326531,1
IMG_8523 resized_448.jpg,160.9783561862245,31.32874660460794,22,253,158.0,0.0021125637755102043,0.11754623724489796,16780,0.3344228316326531,1
IMG_8524 resized_448.jpg,166.12727200255102,32.490365784362176,32,254,164.0,0.0007971938775510204,0.15254304846938777,16606,0.33095503826530615,1
IMG_8525 resized_448.jpg,171.9796516262755,31.966934941189592,35,254,170.0,0.0006178252551020409,0.18674266581632654,16967,0.3381497130102041,1
IMG_8526 resized_448.jpg,173.12671396683675,31.184623052642536,35,255,171.0,0.00033880739795918367,0.19188456632653061,17036,0.3395248724489796,1
IMG_8527 resized_448.jpg,165.8029336734694,30.176099264815335,36,254,164.0,0.00015943877551020407,0.13366948341836735,16937,0.33755181760204084,1
IMG_8528 resized_448.jpg,162.40395806760205,32.25349979215635,33,253,160.0,0.0005779655612244898,0.12860730229591838,16917,0.3371532206632653,1
IMG_8529 resized_448.jpg,172.43132174744898,24.463493590026328,44,253,172.0,0.00015943877551020407,0.11322146045918367,13955,0.27812101403061223,1
IMG_8530 resized_448.jpg,155.05554448341837,30.8310075142672,32,255,152.0,0.0022520727040816328,0.08282844387755102,16199,0.32284359056122447,1
IMG_8531 resized_448.jpg,171.6806640625,30.8731952165908,31,254,172.0,0.0012157206632653062,0.16169084821428573,16363,0.3261120854591837,1
IMG_8532 resized_448.jpg,163.89650430484693,31.35320189438577,38,253,164.0,0.0006178252551020409,0.11694834183673469,16679,0.33240991709183676,1
IMG_8533 resized_448.jpg,171.07250478316325,30.362274457161977,41,254,172.0,0.0004185267857142857,0.15361926020408162,16330,0.3254544005102041,1
IMG_20180705_130729936 resized_448.jpg,157.35797991071428,15.472834291792829,82,240,157.0,0.0,0.003946109693877551,5621,0.11202566964285714,0
IMG_20180705_130731751 resized_448.jpg,157.84723772321428,16.719629171255303,85,247,157.0,0.0,0.01700015943877551,4546,0.09060108418367346,0
IMG_20180705_130732496 resized_448.jpg,159.89973294005102,14.94493410535399,88,254,160.0,0.0,0.004544005102040816,4789,0.09544403698979592,0
IMG_20180705_130732993 resized_448.jpg,160.14275749362244,14.682978317815259,101,250,160.0,0.0,0.0052016900510204085,4544,0.09056122448979592,0
IMG_20180705_130733329 resized_448.jpg,166.23718510841837,19.595236645352227,108,254,164.0,0.0,0.05953045280612245,4036,0.08043686224489796,0
IMG_20180705_130733660 resized_448.jpg,167.3933553890306,18.987191986079377,101,253,166.0,0.0,0.0517578125,4053,0.08077566964285714,0
IMG_20180705_130733991 resized_448.jpg,159.59675940688774,16.26203699170955,89,249,159.0,0.0,0.01580436862244898,3488,0.06951530612244898,0
IMG_20180705_130734324 resized_448.jpg,159.322265625,17.255031387859745,63,252,158.0,0.0,0.0243343431122449,2392,0.04767219387755102,0
IMG_20180705_130734659 resized_448.jpg,153.84327168367346,14.862657459050368,91,251,154.0,0.0,0.0017737563775510204,4068,0.08107461734693877,0
IMG_20180705_130734991 resized_448.jpg,152.96853077168367,15.192874897990357,94,240,153.0,0.0,0.001953125,4421,0.08810985331632654,0
IMG_20180705_130735324 resized_448.jpg,153.34608179209184,15.00629205411302,90,244,153.0,0.0,0.0020129145408163264,4644,0.09255420918367346,0
IMG_20180705_130735657 resized_448.jpg,154.05147879464286,14.725291988157934,93,252,154.0,0.0,0.002232142857142857,4393,0.08755181760204081,0
IMG_20180705_130735989 resized_448.jpg,155.44359853316325,16.303294170997138,91,248,155.0,0.0,0.01175860969387755,4786,0.0953842474489796,0
IMG_20180705_130736323 resized_448.jpg,155.33328683035714,15.834296859600213,88,246,155.0,0.0,0.00546077806122449,4801,0.09568319515306123,0
IMG_20180705_130736655 resized_448.jpg,152.78091119260205,15.614616803078228,81,238,153.0,0.0,0.0026705994897959183,5316,0.10594706632653061,0
IMG_20180705_130736987 resized_448.jpg,150.18243781887756,15.32742788349943,56,230,150.0,0.0,0.0014349489795918368,4906,0.09777582908163265,0
IMG_20180705_130737319 resized_448.jpg,147.92823262117346,15.562195568638465,78,233,148.0,0.0,0.0013950892857142857,5425,0.10811941964285714,0
IMG_20180705_130737652 resized_448.jpg,148.546875,15.574856881927944,71,239,148.0,0.0,0.0014349489795918368,4921,0.09807477678571429,0
IMG_20180705_130737985 resized_448.jpg,151.09245455994898,15.669524637893739,76,229,151.0,0.0,0.0022520727040816328,4726,0.09418845663265306,0
IMG_20180705_130738321 resized_448.jpg,150.2258848852041,15.254959974538076,65,234,150.0,0.0,0.0012755102040816326,4843,0.09652024872448979,0
IMG_20180705_130738655 resized_448.jpg,151.82557397959184,15.295436024872112,79,234,152.0,0.0,0.0014548788265306123,4566,0.09099968112244898,0
IMG_20180705_130738987 resized_448.jpg,154.0115194515306,15.027074405806493,83,240,154.0,0.0,0.002232142857142857,4005,0.07981903698979592,0
IMG_20180705_130739321 resized_448.jpg,155.55859375,15.527468392517314,84,250,155.0,0.0,0.004264987244897959,4248,0.08466198979591837,0
IMG_20180705_130739654 resized_448.jpg,156.70992107780611,15.442941197265991,90,243,156.0,0.0,0.004404496173469388,4370,0.08709343112244898,0
IMG_20180705_130739987 resized_448.jpg,155.81776147959184,14.885295385497601,79,249,156.0,0.0,0.0031887755102040817,4064,0.08099489795918367,0
IMG_20180705_130740323 resized_448.jpg,156.4453722895408,15.17398845297119,78,253,157.0,0.0,0.003706951530612245,4391,0.08751195790816327,0
IMG_20180705_130740656 resized_448.jpg,157.1963887117347,16.124134054645182,92,235,157.0,0.0,0.008529974489795918,4471,0.08910634566326531,0
IMG_20180705_130740989 resized_448.jpg,158.75243144132654,16.487449510995745,79,241,159.0,0.0,0.010144292091836735,4877,0.09719786352040816,0
IMG_20180705_130741322 resized_448.jpg,167.22873485331633,23.555541102323588,85,255,164.0,0.0,0.06592793367346939,4534,0.09036192602040816,0
IMG_20180705_130741655 resized_448.jpg,158.87954400510205,14.659365669526256,81,246,159.0,0.0,0.0037268813775510204,4273,0.08516023596938775,0
IMG_20180705_130741989 resized_448.jpg,162.97026466836735,17.827289574277824,91,252,162.0,0.0,0.033502072704081634,3513,0.07001355229591837,0
IMG_20180705_130742323 resized_448.jpg,160.27562978316325,15.45432552579786,87,252,160.0,0.0,0.007553411989795918,3752,0.07477678571428571,0
IMG_20180705_130742655 resized_448.jpg,166.45942283163265,23.09351370357228,77,255,164.0,0.0,0.07380022321428571,3960,0.07892219387755102,0
IMG_20180705_130742988 resized_448.jpg,166.18393255739795,23.532316494801844,73,255,163.0,0.0,0.08769132653061225,4390,0.08749202806122448,0
IMG_20180705_130743321 resized_448.jpg,161.17478475765307,19.79879717590116,83,254,159.0,0.0,0.04350685586734694,4628,0.09223533163265306,0
IMG_20180705_130743653 resized_448.jpg,159.25954639668367,17.71098159128672,88,252,158.0,0.0,0.02188297193877551,4742,0.09450733418367346,0
IMG_20180705_130743987 resized_448.jpg,157.45083306760205,16.180960276507125,81,250,157.0,0.0,0.007932079081632654,5181,0.10325653698979592,0
IMG_20180705_130744320 resized_448.jpg,157.21817203443877,16.598851059033287,98,234,157.0,0.0,0.008769132653061224,4746,0.09458705357142858,0
IMG_20180705_130744653 resized_448.jpg,157.99324378188774,17.998328422531426,87,255,157.0,0.0,0.018215880102040817,4955,0.09875239158163265,0
IMG_20180705_130744988 resized_448.jpg,163.0169602997449,25.98244836236723,89,255,159.0,0.0,0.07924107142857142,4635,0.09237484056122448,0
IMG_20180705_130745320 resized_448.jpg,155.96137595663265,15.901528249126363,90,234,156.0,0.0,0.00332828443877551,5101,0.10166214923469388,0
IMG_20180705_130745654 resized_448.jpg,157.4336535395408,16.033348445322435,91,234,158.0,0.0,0.005161830357142857,4618,0.09203603316326531,0
IMG_20180705_130745987 resized_448.jpg,156.81196189413265,16.22030306235899,89,254,157.0,0.0,0.009008290816326531,5053,0.10070551658163265,0
IMG_20180705_130746319 resized_448.jpg,166.4767617984694,26.490302130941064,95,255,162.0,0.0,0.08882732780612244,4625,0.09217554209183673,0
IMG_20180705_130746652 resized_448.jpg,157.76632254464286,15.750418288296238,90,245,158.0,0.0,0.003866390306122449,4673,0.09313217474489796,0
IMG_20180705_130746985 resized_448.jpg,158.47506776147958,17.34181238588862,86,238,158.0,0.0,0.011220503826530613,5333,0.10628587372448979,0
IMG_20180705_130747318 resized_448.jpg,158.2011120854592,14.951405113452791,89,224,159.0,0.0,0.0034279336734693877,4872,0.09709821428571429,0
IMG_20180705_130747652 resized_448.jpg,159.2257852359694,16.60473357563377,94,236,159.0,0.0,0.010243941326530613,5132,0.10227997448979592,0
IMG_20180705_130747985 resized_448.jpg,160.42637914540816,17.035384400680627,91,247,160.0,0.0,0.020228794642857144,4539,0.09046157525510204,0
IMG_20180705_130748317 resized_448.jpg,159.9893574617347,16.008578942135475,93,251,160.0,0.0,0.011818399234693877,4636,0.09239477040816327,0
IMG_20180705_130748649 resized_448.jpg,159.20360331632654,16.141500261820024,95,247,159.0,0.0,0.012057557397959183,4490,0.08948501275510204,0
IMG_8658 resized_448.jpg,153.08350605867346,29.578230065877868,37,253,155.0,0.0003985969387755102,0.036013233418367346,18156,0.36184630102040816,0
IMG_8659 resized_448.jpg,161.98770328443877,30.344707738347648,36,254,165.0,0.0004384566326530612,0.0826889349489796,17377,0.34632095025510207,0
IMG_8660 resized_448.jpg,150.7503587372449,32.455638690547424,25,254,152.0,0.0015943877551020409,0.048329878826530615,18151,0.3617466517857143,0
IMG_8661 resized_448.jpg,163.1917649872449,30.76131898927735,27,253,166.0,0.0002192283163265306,0.09357063137755102,15792,0.31473214285714285,0
IMG_8662 resized_448.jpg,158.7772441007653,30.022239862247886,37,253,162.0,0.00025908801020408165,0.06016820790816327,16158,0.3220264668367347,0
IMG_8663 resized_448.jpg,161.70053411989795,27.623552830002893,41,253,164.0,7.971938775510203e-05,0.058314732142857144,15593,0.31076610331632654,0
IMG_8664 resized_448.jpg,155.35407366071428,25.94774490601417,45,253,156.0,3.985969387755102e-05,0.03573421556122449,15046,0.2998644770408163,0
IMG_8665 resized_448.jpg,157.2838209502551,24.972053538805774,22,253,158.0,0.00013950892857142856,0.03615274234693878,13650,0.2720424107142857,0
IMG_8666 resized_448.jpg,165.92247289540816,22.71712854390265,64,254,167.0,0.0,0.04731345663265306,14500,0.2889827806122449,0
IMG_8667 resized_448.jpg,164.90941884566325,27.83135657946273,28,253,167.0,0.00029894770408163266,0.08101482780612244,16867,0.33615672831632654,0
IMG_8668 resized_448.jpg,165.4044563137755,22.064115088907908,57,252,166.0,0.0,0.04569913903061224,13675,0.2725406568877551,0
IMG_8669 resized_448.jpg,165.57629145408163,21.466233623800544,47,253,168.0,1.992984693877551e-05,0.031728316326530615,13784,0.2747130102040816,0
IMG_8670 resized_448.jpg,164.92169563137756,24.5255072335902,44,252,168.0,3.985969387755102e-05,0.0467155612244898,16037,0.31961495535714285,0
IMG_8671 resized_448.jpg,162.96342873086735,29.75087887374735,51,252,166.0,0.0,0.08133370535714286,17349,0.3457629145408163,0
IMG_8672 resized_448.jpg,155.96215322066325,25.209776417655544,31,251,157.0,0.00029894770408163266,0.03130978954081633,16299,0.32483657525510207,0
IMG_8673 resized_448.jpg,168.3270487882653,25.233749036347728,43,253,168.0,1.992984693877551e-05,0.10214046556122448,14690,0.29276945153061223,0
IMG_8674 resized_448.jpg,168.1770567602041,26.927090087108898,40,251,169.0,1.992984693877551e-05,0.12358498086734694,14593,0.290836256377551,0
IMG_8675 resized_448.jpg,171.6951132015306,26.54577723964691,48,252,173.0,3.985969387755102e-05,0.14319595025510204,13639,0.27182318239795916,0
IMG_8676 resized_448.jpg,152.0205676020408,32.32102800851665,37,253,153.0,0.00027901785714285713,0.0587531887755102,18343,0.36557318239795916,0
IMG_8677 resized_448.jpg,155.66932397959184,24.848408153129792,39,254,157.0,7.971938775510203e-05,0.03146922831632653,15666,0.31222098214285715,0
IMG_8678 resized_448.jpg,154.21950733418367,27.218871307274558,30,251,155.0,0.0001992984693877551,0.035654496173469385,17266,0.34410873724489793,0
IMG_8679 resized_448.jpg,151.96518255739795,28.740926562179208,31,249,154.0,0.0006377551020408163,0.03099091198979592,12993,0.2589485012755102,0
IMG_8680 resized_448.jpg,160.78529575892858,25.97538111235287,35,251,161.0,7.971938775510203e-05,0.05901227678571429,13789,0.27481265943877553,0
IMG_8681 resized_448.jpg,172.68979193239795,19.663388524936405,69,253,174.0,0.0,0.0667251275510204,11860,0.23636798469387754,0
IMG_8682 resized_448.jpg,166.23820153061226,19.751443481354485,77,251,166.0,0.0,0.03724888392857143,11427,0.22773836096938777,0
IMG_8683 resized_448.jpg,164.29621731505102,19.850808905406037,76,248,164.0,0.0,0.035235969387755105,9975,0.19880022321428573,0
IMG_8684 resized_448.jpg,146.8211296237245,29.206191587406202,27,251,150.0,0.001634247448979592,0.023955676020408163,14793,0.29482222576530615,0
IMG_8685 resized_448.jpg,150.6400071747449,25.327991310911568,44,252,151.0,3.985969387755102e-05,0.02893813775510204,16726,0.33334661989795916,0
IMG_8686 resized_448.jpg,146.12406329719389,29.03602340221282,46,251,148.0,1.992984693877551e-05,0.02002949617346939,18096,0.3606505102040816,0
IMG_8687 resized_448.jpg,154.15377869897958,30.116394847181358,50,252,156.0,0.0,0.05313297193877551,18371,0.3661312181122449,0
IMG_8688 resized_448.jpg,149.6505500637755,33.41687589472573,28,253,151.0,0.00013950892857142856,0.05474728954081633,19170,0.38205516581632654,0
IMG_8689 resized_448.jpg,131.4440369897959,36.82541602565974,20,252,132.0,0.00603874362244898,0.024613360969387755,19429,0.3872169961734694,0
IMG_8690 resized_448.jpg,149.61838329081633,31.803062206174783,50,250,151.0,0.0,0.04563934948979592,18529,0.36928013392857145,0
IMG_8691 resized_448.jpg,145.20463966836735,32.302919535063445,42,251,147.0,0.00031887755102040814,0.03471779336734694,18620,0.37109375,0
IMG_8692 resized_448.jpg,144.1288066007653,33.13433052400697,32,249,145.0,0.00047831632653061223,0.038165656887755105,18709,0.372867506377551,0
IMG_8693 resized_448.jpg,139.65168606505102,35.25859154884931,42,250,141.0,0.0003587372448979592,0.03356186224489796,18863,0.37593670280612246,0
IMG_8694 resized_448.jpg,135.82836415816325,35.477327154545534,35,254,137.0,0.0014548788265306123,0.026227678571428572,18761,0.3739038584183674,0
IMG_8695 resized_448.jpg,138.97829639668367,34.387851657424626,33,253,140.0,0.002272002551020408,0.028778698979591837,18671,0.37211017219387754,0
IMG_8696 resized_448.jpg,141.41659359056123,34.3376568219779,39,252,143.0,0.0009367028061224489,0.035813934948979595,18559,0.3698780293367347,0
IMG_8697 resized_448.jpg,147.10790019132654,34.35662421308473,39,252,149.0,0.00045838647959183676,0.05100047831632653,18510,0.3689014668367347,0
IMG_8698 resized_448.jpg,133.94357860331633,37.04681233291649,25,253,134.0,0.004583864795918368,0.03376116071428571,18619,0.37107382015306123,0
IMG_8699 resized_448.jpg,133.55508609693877,36.88092301046107,26,253,134.0,0.004902742346938775,0.030731823979591837,18740,0.3734853316326531,0
IMG_8700 resized_448.jpg,134.2275390625,36.19549616530118,26,252,135.0,0.005321269132653061,0.027881855867346938,18634,0.37137276785714285,0
IMG_8701 resized_448.jpg,140.55859375,35.989792736962265,33,253,141.0,0.0014349489795918368,0.04611766581632653,18235,0.36342075892857145,0
IMG_8702 resized_448.jpg,132.74162946428572,35.62121256394803,25,252,132.0,0.00390625,0.028997927295918366,18005,0.3588368941326531,0
IMG_8703 resized_448.jpg,128.67038026147958,34.970164664699425,27,252,128.0,0.005939094387755102,0.01877391581632653,18170,0.362125318877551,0
IMG_8704 resized_448.jpg,139.9079041772959,39.107757309569486,24,253,141.0,0.0040058992346938774,0.056361607142857144,19033,0.3793247767857143,0
IMG_8705 resized_448.jpg,148.1685865752551,38.68840276997616,33,252,149.0,0.0010562818877551021,0.0909000318877551,18812,0.3749202806122449,0
IMG_8706 resized_448.jpg,146.46434550382654,31.094640028701985,46,254,146.0,9.964923469387755e-05,0.04235092474489796,17370,0.3461814413265306,0
IMG_8707 resized_448.jpg,146.97237723214286,31.33451954079708,39,251,147.0,3.985969387755102e-05,0.04037786989795918,17668,0.3521205357142857,0
IMG_8708 resized_448.jpg,145.15397799744898,31.99984752571735,42,252,146.0,7.971938775510203e-05,0.03910235969387755,17756,0.35387436224489793,0
IMG_8709 resized_448.jpg,149.03784677933675,30.965313953311714,51,252,150.0,0.0,0.04436383928571429,17214,0.3430723852040816,0
IMG_8710 resized_448.jpg,146.83464205994898,33.07990077800309,42,252,148.0,0.00015943877551020407,0.0480110012755102,17820,0.3551498724489796,0
IMG_8711 resized_448.jpg,147.01717952806123,33.08466607011409,40,251,148.0,0.0001793686224489796,0.04685507015306122,17805,0.35485092474489793,0
IMG_8712 resized_448.jpg,148.13731664540816,31.940433379104554,47,252,149.0,5.978954081632653e-05,0.04571906887755102,17460,0.3479751275510204,0
IMG_8713 resized_448.jpg,150.25290975765307,32.073965288779156,42,253,151.0,9.964923469387755e-05,0.05426897321428571,17262,0.34402901785714285,0
IMG_8714 resized_448.jpg,146.8320910395408,32.106644521488256,42,251,148.0,0.0002192283163265306,0.04233099489795918,17605,0.35086495535714285,0
IMG_8715 resized_448.jpg,146.98419563137756,32.2746728176044,43,252,148.0,0.00025908801020408165,0.0439453125,17514,0.3490513392857143,0
IMG_8716 resized_448.jpg,148.20304528061226,31.127869565478612,44,252,149.0,9.964923469387755e-05,0.04376594387755102,17498,0.34873246173469385,0
IMG_8717 resized_448.jpg,150.38273278061226,30.990697151607037,46,253,151.0,1.992984693877551e-05,0.05084103954081633,17321,0.3452048788265306,0
IMG_8718 resized_448.jpg,148.60760124362244,31.764204154910285,44,249,149.0,0.00025908801020408165,0.04534040178571429,17549,0.34974888392857145,0
IMG_8719 resized_448.jpg,147.66838727678572,32.04957424337567,43,251,149.0,0.0001793686224489796,0.04276945153061224,17421,0.34719786352040816,0
IMG_8720 resized_448.jpg,150.01554528061226,31.70077179583162,46,251,151.0,0.00013950892857142856,0.0498046875,17651,0.35178172831632654,0
IMG_8721 resized_448.jpg,130.93893494897958,37.24917949566621,24,252,132.0,0.006138392857142857,0.02481265943877551,19182,0.38229432397959184,0
IMG_8722 resized_448.jpg,155.78850446428572,28.237239761890958,58,252,157.0,0.0,0.05112005739795918,15974,0.318359375,0
IMG_8723 resized_448.jpg,151.7937858737245,28.89137727647868,53,251,153.0,0.0,0.04027822066326531,16668,0.3321906887755102,0
IMG_8724 resized_448.jpg,150.56206154336735,28.707338141331622,51,251,151.0,0.0,0.035853794642857144,16667,0.33217075892857145,0
IMG_8725 resized_448.jpg,149.98722496811226,28.47841332893231,48,249,150.0,1.992984693877551e-05,0.033860809948979595,16674,0.33231026785714285,0
IMG_8726 resized_448.jpg,151.04593829719389,28.828208257935525,45,254,151.0,3.985969387755102e-05,0.03902264030612245,17035,0.33950494260204084,0
IMG_8727 resized_448.jpg,149.57234534438774,28.91283859910296,45,252,150.0,3.985969387755102e-05,0.034060108418367346,17145,0.34169722576530615,0
IMG_8728 resized_448.jpg,150.5221022002551,28.78901159244243,50,250,151.0,0.0,0.03573421556122449,16981,0.3384287308673469,0
IMG_8729 resized_448.jpg,151.84727758290816,28.54006324141166,49,251,152.0,1.992984693877551e-05,0.0411750637755102,16943,0.33767139668367346,0
IMG_8730 resized_448.jpg,152.05676020408163,28.120535482863907,48,250,153.0,1.992984693877551e-05,0.03772720025510204,16574,0.3303172831632653,0
IMG_8731 resized_448.jpg,151.96570073341837,28.244288541213823,49,254,152.0,1.992984693877551e-05,0.03904257015306122,16616,0.33115433673469385,0
IMG_8747 resized_448.jpg,162.61073022959184,27.27057109428773,61,254,165.0,0.0,0.07067123724489796,12382,0.24677136479591838,0
IMG_8748 resized_448.jpg,148.12527901785714,26.775053866765514,39,254,145.0,0.00033880739795918367,0.04099569515306122,16118,0.3212292729591837,0
IMG_8749 resized_448.jpg,156.15860172193877,23.522578510162468,69,253,153.0,0.0,0.05307318239795918,15455,0.30801578443877553,0
IMG_8750 resized_448.jpg,159.5471739477041,22.768682731558993,74,254,156.0,0.0,0.05901227678571429,13981,0.2786391900510204,0
IMG_8751 resized_448.jpg,157.3788464604592,22.161984784484307,71,253,155.0,0.0,0.04641661352040816,13438,0.2678172831632653,0
IMG_8752 resized_448.jpg,156.19162547831633,23.8332048662731,42,253,154.0,3.985969387755102e-05,0.05135921556122449,14630,0.2915736607142857,0
IMG_8753 resized_448.jpg,158.28244579081633,25.788931361202255,53,255,156.0,0.0,0.06821986607142858,15347,0.30586336096938777,0
IMG_8754 resized_448.jpg,162.21071827168367,23.462871928434758,47,254,159.0,1.992984693877551e-05,0.07013313137755102,14973,0.2984095982142857,0
IMG_8755 resized_448.jpg,149.76325334821428,26.036930869501987,48,254,147.0,3.985969387755102e-05,0.04900749362244898,15427,0.3074577487244898,0
IMG_8756 resized_448.jpg,151.06544961734693,26.0381051804054,54,253,147.0,0.0,0.05297353316326531,15247,0.3038703762755102,0
IMG_8757 resized_448.jpg,150.4629902742347,26.750563719257503,47,254,147.0,1.992984693877551e-05,0.05825494260204082,16078,0.3204320790816326,0
IMG_8758 resized_448.jpg,155.40192522321428,24.383726432941412,55,253,153.0,0.0,0.05528539540816327,15702,0.3129384566326531,0
IMG_8759 resized_448.jpg,169.18120216836735,19.429659008653402,94,254,167.0,0.0,0.07079081632653061,12055,0.24025430484693877,0
IMG_8760 resized_448.jpg,169.5622010522959,18.882366466184184,91,253,168.0,0.0,0.06606744260204081,11268,0.22456951530612246,0
IMG_8761 resized_448.jpg,169.0321667729592,19.920907505933105,100,252,166.0,0.0,0.07806521045918367,12097,0.24109135841836735,0
IMG_8762 resized_448.jpg,166.2040417729592,19.720504516776803,96,252,163.0,0.0,0.06441326530612244,11155,0.2223174426020408,0
IMG_8763 resized_448.jpg,173.59396922831633,19.443815484633056,103,253,171.0,0.0,0.09765625,10982,0.21886957908163265,0
IMG_8764 resized_448.jpg,174.7335578762755,17.437849124705163,103,252,173.0,0.0,0.08288823341836735,9200,0.1833545918367347,0
IMG_8765 resized_448.jpg,170.63077965561226,17.25665345097612,109,253,168.0,0.0,0.061423788265306124,9028,0.1799266581632653,0
IMG_8766 resized_448.jpg,173.00890864158163,18.448451552178977,108,254,170.0,0.0,0.08131377551020408,8695,0.17329001913265307,0
IMG_8767 resized_448.jpg,170.05618223852042,19.340889483790217,106,251,167.0,0.0,0.0758529974489796,10462,0.20850605867346939,0
IMG_8768 resized_448.jpg,133.6448301977041,30.006901416710793,37,253,130.0,0.00029894770408163266,0.03045280612244898,17812,0.3549904336734694,0
IMG_8769 resized_448.jpg,131.7908561862245,28.825996649634707,33,254,126.0,3.985969387755102e-05,0.03063217474489796,17049,0.3397839604591837,0
IMG_8770 resized_448.jpg,143.0735012755102,27.025646732312318,53,254,139.0,0.0,0.03900271045918367,16558,0.3299984056122449,0
IMG_8771 resized_448.jpg,151.59761639030611,25.834757736983114,71,254,148.0,0.0,0.049685108418367346,15647,0.3118423150510204,0
IMG_8772 resized_448.jpg,158.4903340242347,28.327024318841524,62,254,156.0,0.0,0.08304767219387756,17014,0.33908641581632654,0
IMG_8773 resized_448.jpg,168.87769052933675,27.213466365932945,71,255,166.0,0.0,0.13600127551020408,15803,0.3149513711734694,0
IMG_8774 resized_448.jpg,168.18094308035714,20.947625586997884,99,254,166.0,0.0,0.0741390306122449,12525,0.24962133290816327,0
IMG_8775 resized_448.jpg,170.9797512755102,19.78571500456093,96,253,169.0,0.0,0.07760682397959184,11469,0.2285754145408163,0
IMG_8776 resized_448.jpg,169.65202487244898,22.367255793720613,60,254,167.0,0.0,0.09442761479591837,14079,0.2805923150510204,0
IMG_8777 resized_448.jpg,167.10546875,19.993930370531228,69,252,167.0,0.0,0.0450813137755102,11356,0.2263233418367347,0
IMG_8778 resized_448.jpg,165.2951809630102,19.320729763342452,78,251,165.0,0.0,0.04027822066326531,10006,0.19941804846938777,0
IMG_8779 resized_448.jpg,129.67065927933675,18.33976639277335,44,252,129.0,3.985969387755102e-05,0.00470344387755102,8551,0.17042012117346939,0
IMG_8781 resized_448.jpg,171.94768415178572,19.582078082400752,85,252,171.0,0.0,0.07284359056122448,10846,0.2161591198979592,0
IMG_8784 resized_448.jpg,151.7205038265306,32.30863880536199,61,254,148.0,0.0,0.08808992346938775,17982,0.35837850765306123,0
IMG_8785 resized_448.jpg,156.77289939413265,28.26184085245796,59,254,154.0,0.0,0.07517538265306123,15905,0.31698421556122447,0
IMG_8786 resized_448.jpg,155.9704440369898,27.220012362838133,42,254,155.0,0.0001793686224489796,0.05779655612244898,14213,0.2832629145408163,0
IMG_8787 resized_448.jpg,159.63793447066325,17.412881822224662,84,253,159.0,0.0,0.019591039540816327,7901,0.1574657206632653,0
IMG_8788 resized_448.jpg,160.94437579719389,17.55364508734294,86,249,160.0,0.0,0.024553571428571428,8049,0.16041533801020408,0
IMG_8789 resized_448.jpg,167.53920200892858,18.163453716015095,79,251,167.0,0.0,0.04077646683673469,7918,0.1578045280612245,0
IMG_8790 resized_448.jpg,172.99754862882654,17.737084520876827,85,249,173.0,0.0,0.05668048469387755,6648,0.13249362244897958,0
IMG_8791 resized_448.jpg,172.2998046875,17.908027410987213,96,250,172.0,0.0,0.0576171875,6889,0.1372967155612245,0
IMG_8792 resized_448.jpg,167.92147640306123,18.141698532010626,82,251,168.0,0.0,0.04181281887755102,6842,0.13636001275510204,0
IMG_8793 resized_448.jpg,170.10672433035714,19.786829062205815,76,251,171.0,0.0,0.0587531887755102,7053,0.1405652104591837,0
IMG_8794 resized_448.jpg,177.42761479591837,14.789031865109697,79,250,177.0,0.0,0.06226084183673469,3767,0.07507573341836735,0
IMG_8795 resized_448.jpg,180.9522082270408,14.307138925629182,100,250,180.0,0.0,0.08033721301020408,4520,0.09008290816326531,0
IMG_8796 resized_448.jpg,170.0383848852041,15.13635151716219,106,249,169.0,0.0,0.03549505739795918,5192,0.10347576530612244,0
IMG_8798 resized_448.jpg,169.14835778061226,17.380676713081286,87,247,169.0,0.0,0.03515625,3841,0.07655054209183673,0
IMG_8799 resized_448.jpg,162.94168526785714,17.745407889866307,82,247,162.0,0.0,0.021763392857142856,5260,0.10483099489795919,0
IMG_8800 resized_448.jpg,161.83348612882654,17.835687879345482,84,251,161.0,0.0,0.019670758928571428,5535,0.11031170280612244,0
IMG_8801 resized_448.jpg,166.21169483418367,16.676385373064377,96,243,165.0,0.0,0.027582908163265307,4033,0.08037707270408163,0
IMG_8802 resized_448.jpg,167.57049186862244,17.41473778501841,93,248,167.0,0.0,0.03627232142857143,6071,0.12099410076530612,0
IMG_8803 resized_448.jpg,164.68923389668367,17.294118073288853,78,251,164.0,0.0,0.024274553571428572,5452,0.10865752551020408,0
IMG_8804 resized_448.jpg,165.54611766581633,16.769740501949826,93,248,165.0,0.0,0.027881855867346938,5374,0.1071029974489796,0
IMG_8805 resized_448.jpg,173.06218112244898,16.475815219381865,107,252,173.0,0.0,0.0509406887755102,5522,0.11005261479591837,0
IMG_8806 resized_448.jpg,172.07746731505102,16.612176347257897,101,252,172.0,0.0,0.041314572704081634,5903,0.11764588647959184,0
IMG_8807 resized_448.jpg,171.0392617984694,17.141930926346365,81,251,171.0,0.0,0.04370615433673469,5132,0.10227997448979592,0
IMG_8808 resized_448.jpg,170.20388233418367,18.242175056927376,78,249,171.0,0.0,0.042271205357142856,5096,0.1015625,0
IMG_8809 resized_448.jpg,166.48716517857142,17.140336341805433,94,248,166.0,0.0,0.023377710459183673,4501,0.08970424107142858,0
IMG_8810 resized_448.jpg,164.00247130102042,17.565602083211736,91,245,164.0,0.0,0.018534757653061226,5410,0.10782047193877552,0
IMG_8811 resized_448.jpg,165.70920360331633,17.8969455904396,94,250,165.0,0.0,0.026506696428571428,5545,0.11051100127551021,0
IMG_8812 resized_448.jpg,174.02397560586735,17.61189183487201,101,250,174.0,0.0,0.06529017857142858,5610,0.11180644132653061,0
IMG_8813 resized_448.jpg,172.5452208227041,17.25797552170608,95,248,173.0,0.0,0.05036272321428571,5385,0.10732222576530612,0
IMG_8814 resized_448.jpg,173.71819196428572,16.69373619572124,109,252,173.0,0.0,0.05807557397959184,5214,0.10391422193877552,0
IMG_8815 resized_448.jpg,160.83215082908163,17.048614634833132,89,250,161.0,0.0,0.014987244897959183,6906,0.1376355229591837,0
IMG_8816 resized_448.jpg,160.7091438137755,16.92328412383595,83,250,160.0,0.0,0.015625,7467,0.14881616709183673,0
IMG_8817 resized_448.jpg,161.2028659119898,16.870409917523432,89,250,161.0,0.0,0.014867665816326531,7399,0.1474609375,0
IMG_8818 resized_448.jpg,174.27038823341837,15.40853025387582,105,253,174.0,0.0,0.04765226403061224,5769,0.11497528698979592,0
IMG_8819 resized_448.jpg,177.1954719387755,15.78536886238841,103,253,177.0,0.0,0.07122927295918367,6095,0.12147241709183673,0
IMG_8820 resized_448.jpg,170.1812818877551,16.31101370630201,93,252,170.0,0.0,0.036611128826530615,6497,0.1294842155612245,0
IMG_8821 resized_448.jpg,170.2492825255102,16.4828501955643,96,250,170.0,0.0,0.039142219387755105,6429,0.12812898596938777,0
IMG_8822 resized_448.jpg,170.96133609693877,16.165690206738873,98,251,170.0,0.0,0.04107541454081633,6196,0.12348533163265306,0
IMG_8823 resized_448.jpg,170.85981345663265,16.701754980143022,93,253,171.0,0.0,0.043088329081632654,6536,0.13026147959183673,0
IMG_8824 resized_448.jpg,167.15262276785714,16.06759578233175,94,250,167.0,0.0,0.02610809948979592,4843,0.09652024872448979,0
IMG_8825 resized_448.jpg,165.19581074617346,16.268650477202684,84,250,165.0,0.0,0.02198262117346939,5173,0.10309709821428571,0
